date_recd,company,city,county,num_affected,date_layoff,phone,union,warn-id,year,union_rep
2015-12-28,Fenner Dunlop,Port Clinton,Ottawa,85,2015-12-23,(419) 635‐2191,USW Local 1117L,007‐15‐034,2015,1
2015-12-22,Enersys,Cleveland,Cuyahoga,95,2016-02-19,(216) 889‐2343,"United Steelworkers
Union Local 1‐00243",003‐15‐033,2015,1
2015-12-18,Exterran,Youngstown,Mahoning,68,2016-01-14,(281) 836‐7049,NA,017‐15‐032,2015,0
2015-12-14,Concord Steel,Warren,Trumbull,11,2015-12-31,(708) 225‐3522,USW,018‐15‐031,2015,1
2015-12-11,Titan Tire,Bryan,Williams,130,2016-02-08,(419) 787‐5051,USW,007‐15‐030,2015,1
2015-12-01,Volvo Group North America LLC,Lewis Center,Delaware,121,2015-12-31,(301) 660‐0704,UAW Local 2269,007‐15‐029,2015,1
2015-11-20,Chester Packaging LLC,Cincinnati,Hamilton,79,2016-01-31,(513) 458‐3848,NA,013‐15‐028,2015,0
2015-11-16,Centrus Energy Corp,Piketon,Pike,NA,2016-01-11,(740) 897‐5843,NA,001‐15‐027,2015,0
2015-11-16,"Hyundai Ideal Electric
Co",Mansfield,Richland,107,2015-01-11,(419) 522‐3611,"United Steelworkers
Union Local 8530",010‐15‐026,2015,1
2015-11-16,Accel Performance Group LLC,Cleveland,Cuyahoga,64,2015-12-20,(216) 658‐6278,NA,003‐15‐025,2015,0
2015-11-03,Parker Hannifin Corporation,Youngstown,Mahoning,132,2016-01-15,(330) 270‐6102,United Steelworkers Local 2332,017‐15‐024,2015,1
2015-10-30,Manitowoc (Cleveland Range),Cleveland,Cuyahoga,219,2015-12-26,(717) 593‐5093,UAW,003‐15‐023,2015,1
2015-10-30,Thirty One Gifts LLC,Johnstown,Licking,242,2016-01-16,(740) 966‐3607,NA,007‐15‐022,2015,0
2015-10-30,Thirty One Gifts LLC,Springfield,Clark,80,2016-01-16,(740) 966‐3607,NA,007‐15‐022,2015,0
2015-10-30,3M Company,Brookville,Montgomery,75,2015-12-31,(317) 692‐6978,NA,007‐15‐021,2015,0
2015-10-30,Exel INC,Springfield,Clark,91,2016-01-08,(614) 865‐8540,NA,007‐15‐020,2015,0
2015-10-20,TTM Technologies Inc.,Cuyahoga Falls,Summit,70,2015-12-21,(330) 538‐3900,NA,002‐15‐019,2015,0
2015-10-16,WestRock,Coshocton,Coshocton,229,2015-12-15,(740) 552‐2290,"IUOE, Local 18‐D,
Local 18‐S",007‐15‐018,2015,1
2015-10-08,Terra Source Global,Cuyahoga Falls,Summit,53,2015-12-11,(618) 233‐7223,NA,002‐15‐017,2015,0
2015-10-07,Demdaco,Bowling Green,Wood,20,2015-12-31,(913) 402‐6800,NA,007‐15‐016,2015,0
2015-09-29,"MetalTek International
‐ Sandusky Division",Sandusky,Erie,16,2015-09-29,(419) 609‐4030,NA,007‐15‐015,2015,0
2015-09-21,"KBI ‐ Kyklos Bearing
International LLC",Sandusky,Erie,177,2015-11-30,(419) 627‐7183,"United Autoworkers
Union Local 913",007‐15‐014,2015,1
2015-09-22,Centrus Energy Corp,Piketon,Pike,NA,2015-11-10,(740) 897‐5843,NA,001‐15‐013,2015,0
2015-09-08,"Stingray Pressure
Pumping LLC",Unknown,Monroe,22,2015-10-31,(405) 608‐8195,NA,015‐15‐012,2015,0
2015-09-01,"Maxim Healthcare
Services INC",St. Clairsville,Belmont,94,2015-01-10,(443) 860‐5561,NA,016‐15‐011,2015,0
2015-08-31,Fluor BWXT,Piketon,Pike,NA,2015-10-22,(740) 897‐2839,"United Steelworkers Local 689 & Security, Police, Fire Professionals of America Local 66",001‐15‐010,2015,1
2015-08-27,Omnicare Inc.,Cincinnati,Hamilton,232,2015-10-30,(401) 770‐5830,NA,013‐15‐009,2015,0
2015-08-18,Coyne International Enterprises Corp.,Cleveland,Cuyahoga,NA,2015-10-31,(315) 475‐1626,"TEAMSTERS LOCAL UNION 293, TEXTILE
PROCESSORS LOCAL 1, TEAMSTERS
LOCAL UNION 2",003‐15‐008,2015,1
2015-08-10,Aramark,Cleveland,Cuyahoga,371,2015-10-16,(630) 936‐7078,NA,003‐15‐007,2015,0
2015-08-03,Pinnacle Workforce Logistics,Delaware,Delaware,56,2015-08-15,(484) 554‐2069,NA,007‐15‐006,2015,0
2015-07-27,Aramark,Cincinnati,Hamilton,432,2015-09-30,(513) 803‐1628,NA,013‐15‐005,2015,0
2015-07-22,HDT,Solon,Cuyahoga,69,2015-09-30,(216) 438‐6715,Teamsters Local No. 293,003‐15‐004,2015,1
2015-07-09,"Litigation Management
Inc",Mayfield Heights,Cuyahoga,41,2015-07-07,(440) 684‐8771,NA,003‐15‐003,2015,0
2015-07-07,NOV,Springfield,Clark,149,2015-09-18,(937) 327‐3125,UAW,007‐15‐002,2015,1
2015-07-02,CITI,Columbus,Franklin,403,2015-04-04,(469) 220‐4363,NA,011‐15‐001,2015,0
2015-06-17,Sodexo (at Bowling Green University),Bowling Green,Wood,60,2015-07-11,(419) 372‐7102,NA,007‐14‐060,2015,0
2015-06-17,Sodexo (at Franciscan University),Steubenville,Jefferson,148,2015-07-31,(740) 284‐5751,NA,016‐14‐059,2015,0
2015-06-15,Lorain National Bank,Lorain,Lorain,98,2015-08-14,(440) 244‐7252,NA,004‐14‐058,2015,0
2015-06-15,"Haverhill Chemicals
LLC",Haverhill,Scioto,164,2015-08-10,(740) 533‐5222,NA,001‐14‐057,2015,0
2015-06-08,"The Service Companies
Inc",Cleveland,Cuyahoga,86,2015-07-31,(702) 784‐5163,UNITE HERE,003‐14‐056,2015,1
2015-06-08,Community Development Institute Head Start,Youngstown,Mahoning,143,2015-07-31,(202) 401‐9215,NA,017‐14‐055,2015,0
2015-05-20,Caremark RX LLC,Solon,Cuyahoga,76,2015-07-18,(480) 614‐7257,NA,003‐14‐054,2015,0
2015-05-19,Hopkins Partners (at the Sheraton Cleveland Airport Hotel),Cleveland,Cuyahoga,125,2015-07-20,(630) 584‐6580 x509,Local a/w Chicago & Midwest Regional Joint Board a/w Workers United,003‐14‐053,2015,1
2015-05-13,Hydraulic Technologies,Galion,Crawford,NA,2015-07-07,(419) 462‐4301,NA,010‐14‐052,2015,0
2015-05-11,DecisionOne,Grove City,Franklin,75,2015-05-13,(610) 296‐2924,NA,011‐14‐051,2015,0
2015-05-01,Renaissance Cleveland,Cleveland,Cuyahoga,282,2015-06-30,(301) 380‐3023,NA,003‐14‐050,2015,0
2015-04-21,"Volvo Group North
America LLC",Lewis Center,Delaware,300,2015-06-26,(740) 549‐6431,UAW Local 2269,007‐14‐049,2015,1
2015-04-20,Meritor,Heath,Licking,96,NA,(740) 348‐3594,"IBEW Local 1206 and
UAW",007‐14‐048,2015,1
2015-04-10,"Republic Storage
Systems",Canton,Stark,270,2015-04-10,(330) 438‐5800,United Steelworkers,006‐14‐047,2015,1
2015-04-06,"ExxonMobil Chemical
Company",Akron,Summit,NA,2015-12-31,(330) 849‐5133,NA,002‐14‐046,2015,0
2015-04-02,ABM Healthcare Support Services,Various,Various,90,2015-06-30,(586) 771‐3040,NA,011‐14‐045,2015,0
2015-03-31,"Regency Hospital of Akron (Select Medical
Corp)",Barberton,Summit,85,2015-05-29,(717) 972‐1128,NA,002‐14‐044,2015,0
2015-03-27,"Corrections Corporation of
America (CCA)",Youngstown,Mahoning,185,2015-05-30,(615) 263‐6704,NA,017‐14‐043,2015,0
2015-03-24,"Worthington
Industries",Bremen,Fairfield,78,2015-03-24,(740) 569‐4143,NA,020‐14‐042,2015,0
2015-03-24,Worthington Industries,Wooster,Wayne,33,2015-03-24,(330) 262‐6946,NA,007‐14‐041,2015,0
2015-03-19,AEP Generation Resources Inc Muskingum River Plant,Waterford (Beverly),Washington,62,2015-05-31,(740) 984‐3450,NA,015‐14‐040,2015,0
2015-03-11,"The Tamarkin
Company",Austintown,Mahoning,196,2015-05-09,(412) 967‐3638,Teamsters Local No. 377,017‐14‐039,2015,1
2015-03-04,"WP Glimcher (Dayton
and Fairfield Commons)",Various,Various,87,NA,(614) 621‐9000,NA,007‐14‐038,2015,0
2015-03-04,WP Glimcher (Polaris),Columbus,Franklin,45,NA,(614) 621‐9000,NA,011‐14‐037,2015,0
2015-02-02,"Bonne Bell, Inc.",Westlake,Cuyahoga,91,2015-03-29,(440) 808‐2501,NA,003‐14‐036,2015,0
2015-01-26,"Exel, Inc.",Columbus,Franklin,278,2015-04-17,(614) 865‐8901,NA,011‐14‐035,2015,0
2015-01-07,Market Day LLC,Various,Various,107,2015-03-07,(630) 285‐3391,NA,099‐14‐034,2015,0
2015-01-12,Macy's,Columbus,Franklin,109,2015-03-16,(646) 429‐4729,NA,011‐14‐033,2015,0
2015-01-08,"Trulite Glass Company
LLC",Hebron,Licking,70,2015-03-08,(954) 724‐1775,NA,007‐14‐032,2015,0
2015-01-07,"United States Steel
Corporation Lorain",Lorain,Lorain,636,2015-03-08,(440) 240‐2804,USW,002‐14‐031,2015,1
2015-01-05,"A. Schulman, Inc",Stryker,Williams,67,2015-03-02,(330) 668‐4503,"International Union, United Automobile, Aerospace & Agricultural Implement Workers of America, UAW Local 211, and UAW Region 2B",007‐14‐030,2015,1
2016-12-30,"Nationwide Mutual
Insurance Company",Highland Hills,Cuyahoga,29,2017-03-01,(614) 249‐2763,NA,003‐16‐050,2016,0
2016-12-05,Parker Hannifin Corp,Youngstown,Mahoning,19,2017-01-23,(330) 270‐6102,"United Steelworkers
Local 2332",017‐16‐049,2016,1
2016-12-05,Wrayco LLC,Stow,Summit,79,2017-01-31,(574) 229‐6275,NA,002‐16‐048,2016,0
2016-12-01,Alliance Casting Company LLC,Alliance,Stark,435,2017-01-31,(330) 829‐5600,"United Steelworkers of America AFL‐CIO‐CLC,
Local 2211",006‐16‐047,2016,1
2016-12-01,Alliance Casting Company LLC,Alliance,Stark,435,2017-01-31,(330) 829‐5600,"International Association of Machinists and Aerospace Workers,
District Lodge 54",006‐16‐047,2016,1
2016-12-01,"Transamerica Life
Insurance Company",West Chester,Butler,135,2017-02-03,(319) 355‐2464,NA,012‐16‐046,2016,0
2016-11-29,Limited Stores LLC,New Albany,Franklin,246,2016-12-02,(614) 289‐2500,NA,025‐16‐045,2016,0
2016-11-29,Healthspan Partners North Point,Brooklyn Heights,Cuyahoga,58,2016-11-29,(216) 3724259,NA,018‐16‐044,2016,0
2016-11-22,"Comprehensive
Logistics Inc.",Austintown,Mahoning,NA,2017-01-23,(330) 793‐8097,NA,017‐16‐043,2016,0
2016-11-22,First Solar Inc,Perrysburg,Wood,459,2016-11-17,(419) 662‐6203,NA,007‐16‐042,2016,0
2016-11-16,"Lordstown Seating
Systems",Warren,Trumbull,126,2017-01-20,(330) 824‐3101,UAW 1112,018‐16‐041,2016,1
2016-11-16,"Frontier Communications
Corporations",Marion,Marion,7,2017-01-16,(585) 777‐8242,NA,007‐16‐040,2016,0
2016-11-14,Commercial Metal Forming,Youngstown,Mahoning,90,2016-11-28,(330) 740‐8502,"United Steelworkers, Local 2332‐1, United Steelworkers International Union",017‐16‐009,2016,1
2016-11-09,General Motors LLC,Warren,Trumbull,1202,2017-01-23,(330) 824‐5810,"U.A.W. International
Union",018‐16‐039,2016,1
2016-11-07,Holloway,Sidney,Shelby,54,2016-12-31,(937) 494‐2500,NA,007‐16‐038,2016,0
2016-11-03,Frontier Communications,Marion,Marion,247,2017-01-03,(585) 777‐8242,"Local 4371, Communications Workers of America,
AFL‐CIO",007‐16‐037,2016,1
2016-11-02,Carnival Foods & Pharmacy,Lancaster,Fairfield,55,2016-12-30,(740) 503‐8594,NA,020‐16‐036,2016,0
2016-11-02,Carnival Foods & Pharmacy,Circleville,Pickaway,46,2016-12-30,(740) 503‐8594,NA,020‐16‐036,2016,0
2016-11-02,Carnival Foods & Pharmacy,Heath,Licking,46,2016-12-30,(740) 503‐8594,NA,020‐16‐036,2016,0
2016-11-02,Spring Meadow Senior Community,Holland,Lucas,122,2017-01-01,(419) 866‐6124,"Service Employees International Union District 1199, WV, KY OH, Health Care and Social Service Union,
CTW, CLC.",009‐16‐035,2016,1
2016-11-02,Mondi Akrosil LLC,Lancaster,Fairfield,80,2017-01-01,(404) 869‐9054,NA,020‐16‐034,2016,0
2016-10-31,Parker Hannifin Corp,Youngstown,Mahoning,13,2016-12-24,(330) 270‐6102,"United Steelworkers
Local 2332",017‐16‐033,2016,1
2016-10-28,"Kyklos Bearing
International LLC",Sandusky,Erie,400,2016-12-31,(419) 627‐7183,"United Autoworkers
Union Local 913",007‐16‐032,2016,1
2016-10-26,Elmer's Products Inc,Westerville,Delaware,42,2016-12-31,(614) 985‐2629,NA,007‐16‐031,2016,0
2016-10-17,"Thermo Fisher
Scientific",Cleveland,Cuyahoga,92,2016-12-30,(216) 378‐5805,NA,003‐16‐030,2016,0
2016-10-24,"Broadridge Financial
Solutions",Columbus,Franklin,62,2017-01-16,(631) 257‐4114,NA,011‐16‐029,2016,0
2016-10-17,"Ohio Valley Coal Company Powhatan
No. 6 Mine",St. Clairsville,Belmont,492,2016-12-11,(740) 338‐3100,United Mine Workers of America,016‐16‐028,2016,1
2016-10-13,Dental One,Independence,Cuyahoga,53,2016-12-31,(972) 755‐0835,NA,003‐16‐027,2016,0
2016-09-30,Kmart Store #4910,Mentor,Lake,112,2016-12-04,(847) 286‐5904,NA,005‐16‐026,2016,0
2016-09-27,Cast‐Fab Technologies,Cincinnati,Hamilton,97,2016-11-23,(513) 758‐1108,NA,013‐16‐025,2016,0
2016-09-27,"Hyundai Ideal Electric
Co.",Mansfield,Richland,50,2016-11-22,(419) 522‐3611,USW Local 8530,010‐16‐024,2016,1
2016-09-21,Parker Hannifin Corp,Youngstown,Mahoning,7,2016-11-18,(330) 270‐6102,"United Steelworkers
Local 2332",017‐16‐023,2016,1
2016-09-16,Executive Jet Management (Lunken Repair Shop),Cincinnati,Hamilton,80,2016-12-02,(513) 979‐6019,NA,013‐16‐022,2016,0
2016-09-12,The Service Companies (Jack Thistledown Racino),North Randall,Cuyahoga,96,2016-11-11,(901) 870‐5432,NA,003‐16‐021,2016,0
2016-09-06,"Performance
Technologies LLC",Canton,Stark,52,2016-10-29,(405) 608‐7248,NA,006‐16‐020,2016,0
2016-09-06,Elmer's Products Inc,Westerville,Delaware,10,2016-09-30,(614) 985‐2629,NA,007‐16‐019,2016,0
2016-08-31,General Mills Inc,Caledonia,Marion,182,2016-10-31,(419) 845‐3751,"The Bakery, Confectionery, Tobacco Workers, and Grain Millers International Union (BCTGM) No. 57",007‐16‐018,2016,1
2016-08-22,"The Ohio Valley Coal
Company",St. Clairesville,Belmont,67,2016-10-31,(740) 338‐3100,"United Mine Workers of
America",016‐16‐017,2016,1
2016-08-15,Parker Hannifin Corp,Youngstown,Mahoning,3,2016-10-14,(330) 270‐6102,"United Steelworkers
Local 2332",017‐16‐016,2016,1
2016-08-12,3M Company,Milford,Clermont,135,2016-10-07,(513) 272‐5056,"Workers United Union,
Local 504",012‐16‐015,2016,1
2016-08-09,HCSG Labor Supply LLC,Columbus,Franklin,47,2016-08-05,(267) 525‐3489,NA,011‐16‐014,2016,0
2016-08-03,"Packers Sanitation
Services Inc.",Hamilton,Butler,6,2016-08-26,(608) 568‐2100,NA,012‐16‐013,2016,0
2016-08-01,"UnitedHealth Group
Optum",Avon Lake,Lorain,115,2016-10-03,(562)926‐4716,NA,004‐16‐012,2016,0
2016-07-26,Parker Hannifin Corp.,Youngstown,Mahoning,7,2016-09-23,(330) 270‐6102,"United Steelworkers
Local 2332",017‐16‐011,2016,1
2016-07-19,InDyne,Wright‐Patterson Air Force Base,Greene,NA,2016-09-30,(850) 8824983,NA,007‐16‐010,2016,0
2016-07-15,Commercial Metal Forming,Youngstown,Mahoning,90,2016-09-13,(330) 740‐8502,"United Steelworkers, Local 2332‐1, United Steelworkers
International Union",017‐16‐009,2016,1
2016-07-12,Synchrony Bank Consumer Operations Contact Center,Canton,Stark,57,2016-09-10,(330) 433‐5150,NA,006‐16‐008,2016,0
2016-07-05,HealthSpan Partners,Brooklyn Heights,Cuyahoga,15,2016-08-31,(216) 372‐4259,"Office and Professional Employees International Union, Local 17",003‐16‐007,2016,1
2016-07-05,"American Energy
Corporation",Beallsville,Monroe,439,2016-08-29,(740) 338‐3100,NA,015‐16‐006,2016,0
2016-07-05,American Natural Gas,Gallipolis,Gallia,17,2016-08-29,(740) 338‐3100,NA,007‐16‐005,2016,0
2016-07-05,"Murray American
Energy",St. Clairsville,Belmont,16,2016-08-29,(740) 338‐3100,"United Mine Workers of
America",016‐16‐004,2016,1
2016-07-05,"Ohio Valley
Transloadling Company",Powhatan Point,Belmont,9,2016-08-29,(740) 338‐3100,United Mine Workers of America,016‐16‐003,2016,1
2016-07-05,"American Mine
Services",Clarington,Monroe,40,2016-08-29,(740) 338‐3100,NA,015‐16‐002,2016,0
2016-07-05,"Corporate Aviation
Services",St. Clairsville,Belmont,5,2016-08-29,(740) 338‐3100,NA,016‐16‐001,2016,0
2016-06-22,IntelliSource LLC,Lockbourne,Franklin,107,2016-08-24,(303) 692‐1100,NA,011‐15‐092,2016,0
2016-06-22,IntelliStaff LLC,Lockbourne,Franklin,128,2016-08-24,(303) 692‐1100,NA,011‐15‐091,2016,0
2016-06-22,Parker Hannifin Corp.,Youngstown,Mahoning,12,2016-08-19,(330) 270‐6102,"United Steelworkers
Local 2332",017‐15‐090,2016,1
2016-06-13,HealthSpan Partners,Brooklyn Heights,Cuyahoga,15,2016-07-31,(216) 372‐4259,"Office and Professional Employees International Union, Local 17",003‐15‐089,2016,1
2016-06-08,"Hyundai Ideal Electric
Company",Mansfield,Richland,50,2016-08-12,(419) 522‐3611,USW Local 8530,010‐15‐088,2016,1
2016-06-06,Republic Airways,Columbus,Franklin,161,2016-06-20,(317) 471‐2013,NA,011‐15‐087,2016,0
2016-06-02,"The Ohio Valley Coal
Company Powhatan No. 6 Mine",Alledonia,Belmont,40,2016-08-01,(740) 338‐3100,United Mine Workers of America,016‐15‐086,2016,1
2016-06-06,"Experience Works
(Green Thumb)",Lima,Allen,6,2016-07-01,(703) 682‐2517,NA,007‐15‐085,2016,0
2016-06-06,Sodexo (at Wittenberg University),Springfield,Clark,64,2016-06-30,NA,NA,007‐15‐084,2016,0
2016-05-26,Pei Wei,Various,Various,71,2016-05-31,(480) 888‐3000,NA,011‐15‐083,2016,0
2016-05-18,"Olympus Building
Services Inc.",Columbus,Franklin,115,2016-06-30,(614) 247‐5917,NA,011‐15‐082,2016,0
2016-05-16,Sears Holdings,Defiance,Defiance,24,2016-08-07,(847) 286‐2500,NA,007‐15‐081,2016,0
2016-05-16,Parker Hannifin,Youngstown,Mahoning,3,2016-07-15,(330) 270‐6102,"United Steelworkers
Local 2332",017‐15‐080,2016,1
2016-05-16,"McDonald's
Corporation",Columbus,Franklin,70,2016-07-15,(630) 623‐7576,NA,011‐15‐079,2016,0
2016-05-16,HealthSpan Partners,Brooklyn Heights,Cuyahoga,6,2016-06-30,(216) 372‐4259,"Teamsters Local Union
No. 244",003‐15‐078,2016,1
2016-05-05,RSR Partners LLC,Upper Sandusky,Wyandot,30,2016-07-04,(773)  382‐0659,NA,007‐15‐077,2016,0
2016-05-04,"Impact Community
Action",Columbus,Franklin,16,2016-06-30,(614) 453‐1615,NA,011‐15‐076,2016,0
2016-05-04,Plasti‐Kote Company Inc.,Medina,Medina,10,2016-07-01,(773) 628‐5626,International Association of Machinist & Aerospace Workers,002‐15‐075,2016,1
2016-05-02,"American Modern
Insurance Group",Amelia,Clermont,68,2016-06-25,(513) 947‐6128,NA,012‐15‐074,2016,0
2016-05-02,KMART STORE #4745,ASHTABULA,ASHTABULA,131,2016-07-24,(847) 286‐5904,NA,019‐15‐073,2016,0
2016-05-02,KMART STORE #3910,LORAIN,LORAIN,215,2016-07-24,(847) 286‐5904,NA,004‐15‐072,2016,0
2016-04-28,Direct Energy,Miamisburg,Montgomery,50,2016-07-01,(713) 877‐3500,NA,007‐15‐071,2016,0
2016-04-27,Sears Auto Center,Ashtabula,Ashtabula,6,2016-07-31,(518) 588‐0726,NA,019‐15‐070,2016,0
2016-04-20,Columbus Castings,Columbus,Franklin,799,2016-06-21,(614) 445‐2048,NA,011‐15‐069,2016,0
2016-04-20,"Measurement Specialties INC (TE
CONNECTIVITY)",Dayton,Greene,10,2016-06-30,(757) 766‐4381,NA,007‐15‐068,2016,0
2016-04-19,"Lamplight Inn of
Maple Heights",Maple Heights,Cuyahoga,54,2016-07-14,(216) 510‐4336,NA,003‐15‐067,2016,0
2016-04-18,"Performance
Technologies LLC",Canton,Stark,87,2016-06-13,(405) 608‐7248,NA,006‐15‐066,2016,0
2016-04-14,Eaton Corporation,Aurora,Portage,152,2016-06-10,(330) 562‐3956,NA,019‐15‐065,2016,0
2016-04-06,Pilot Thomas Logistics (Maxum Petroleum Operating Company),Louisville,Stark,58,2016-04-12,(817) 877‐8337,NA,006‐15‐064,2016,0
2016-03-22,University Park Nursing and Rehabilitation Center,Akron,Summit,35,NA,(330) 434‐4514,NA,002‐15‐063,2016,0
2016-03-21,"Parker Hannifin
Corporation",Youngstown,Mahoning,2,2016-05-13,(330)270‐6102,"United Steelworkers
Local 2332",017‐15‐062,2016,1
2016-03-21,HealthSpan Partners,Brooklyn Heights,Cuyahoga,15,2016-05-13,(216) 372‐4259,"OPEIU, Local 17,
Teamsters Local Union No. 244",003‐15‐061,2016,1
2016-03-15,Meijer Store #62,Columbus,Franklin,201,2016-06-18,(616) 249‐6570,"United Food and Commercial Workers International Union,
Local 1059",011‐15‐060,2016,1
2016-03-11,Meggitt Aircraft Braking Systems Corporation,Akron,Summit,38,2016-05-13,(330) 796‐3582,"International Union, United Automobile, Aerospace and Agricultural Implement Workers of America",002‐15‐059,2016,1
2016-03-03,St. Aloysius,Hamilton,Butler,38,2016-03-01,(513) 852‐1745,NA,012‐15‐058,2016,0
2016-03-03,St. Aloysius,Cincinnati,Hamilton,38,2016-03-01,(513) 852‐1745,NA,012‐15‐058,2016,0
2016-03-07,Shenker Inc.,Groveport,Franklin,151,2016-05-01,(714) 920‐7164,NA,011‐15‐057,2016,0
2016-03-01,CVS Pharmacy Inc.,Toledo,Lucas,66,2016-04-26,(317) 610‐4331,NA,009‐15‐056,2016,0
2016-02-29,"Measurement
Specialties Inc.",Dayton,Montgomery,58,2016-04-29,(757) 766‐4381,NA,007‐15‐055,2016,0
2016-02-24,TTI Floor Care North America,North Canton,Stark,NA,2016-05-09,(704) 960‐9761,"International Brotherhood of Electrical Workers, Local
No. 1985",006‐15‐054,2016,1
2016-02-18,"Flowserve Corporation
US Inc.",Dayton,Montgomery,80,2016-05-05,(937) 226‐4080,NA,007‐15‐053,2016,0
2016-02-17,Elmer's Products Inc.,Westerville,Franklin,116,2016-04-29,(614) 985‐2629,NA,007‐15‐052,2016,0
2016-02-17,Elmer's Products Inc.,Columbus,Franklin,4,2016-04-29,(614) 985‐2629,NA,007‐15‐052,2016,0
2016-02-16,"Buckeye Launderers
and Cleaners",Napoleon,Henry,54,2016-02-12,(419) 882‐7100,NA,007‐15‐051,2016,0
2016-02-11,Eaton Corporation,Berea,Cuyahoga,102,2016-04-09,(440) 260‐8687,NA,003‐15‐050,2016,0
2016-02-08,IPSCO Tubular INC.,Brookfield,Trumbull,106,2016-04-04,(281) 949‐1023,NA,018‐15‐049,2016,0
2016-02-08,Omnicare Inc.,Cincinnati,Hamilton,13,2016-05-27,(401) 770‐5830,NA,013‐15‐048,2016,0
2016-02-04,"Acrux Investigation Agency, LTD and Surmount Solutions
Group",Marysville,Union,93,2016-02-22,(937) 537‐0503,NA,007‐15‐047,2016,0
2016-02-01,Bakery Crafts,West Chester,Butler,53,2016-04-05,(513) 881‐4107,NA,012‐15‐046,2016,0
2016-02-01,HealthSpan Partners,Brooklyn Heights,Cuyahoga,83,2016-03-31,(216) 372‐4259,"OPEIU, Local 17",003‐15‐045,2016,1
2016-02-01,Parker Hannifin,Youngstown,Mahoning,107,2016-03-18,(330) 270‐6102,"United Steelworkers
Local 2332",017‐15‐044,2016,1
2016-01-28,HealthSpan Physicians LLC,NA,NA,115,2016-03-31,(216) 623‐8781,NA,003‐15‐043,2016,0
2016-01-15,Walmart Bedford,Bedford,Cuyahoga,351,2016-04-15,(440) 279‐0308,NA,003‐15‐042,2016,0
2016-01-14,Parking Solutions Inc.,Columbus,Franklin,44,NA,(614) 453‐1528,NA,011‐15‐041,2016,0
2016-01-13,Professional Transportation Inc.,Walbridge,Wood,82,2016-03-15,(812) 485‐3527,"United Service Employees Union, Local
1222",007‐15‐040,2016,1
2016-01-12,Plasti‐Kote Company,Medina,Medina,98,2016-04-30,(773) 628‐5626,NA,002‐15‐039,2016,0
2016-01-12,Macy's Akron,Akron,Summit,91,2016-03-14,(646) 429‐4729,NA,002‐15‐038,2016,0
2016-01-12,"Warren Steel Holdings
LLC",Warren,Trumbull,162,2016-01-09,(248) 486‐0112,"United Steel Workers
Union",018‐15‐037,2016,1
2016-01-11,Republic Steel,Lorain,Lorain,242,2016-03-08,(330) 438‐5231,"United Steel Workers
Union",004‐15‐036,2016,1
2016-01-05,Eddie Bauer,Groveport,Franklin,315,2016-03-07,(614) 497‐1469,NA,011‐15‐035,2016,0
2017-12-20,Union Metal Corporation,Canton,Stark,339,2017-12-11,(330) 458-5231,USW 9094,006-17-037,2017,1
2017-12-18,Licking County Transit Operation,Newark,Licking,48,2018-01-01,(843) 718-9897,NA,007-17-036,2017,0
2017-12-15,"Technical Consumer Products, Inc.",Aurora,Portage,34,2018-02-11,(330) 995-1333,NA,019-17-035,2017,0
2017-12-05,"New Avon, LLC",Springdale,Hamilton,55,2018-02-05,(212) 282-6121,NA,013-17-034,2017,0
2017-12-04,Fram Group Operations LLC Autolite Spark Plug Plant,Fostoria,Seneca,62,2018-01-31,(419) 436-5643,"United Automobile
Workers of America,",007-17-033,2017,1
2017-11-15,Kmart Store 03589,Cleveland,Cuyahoga,69,2018-01-21,(847) 286-5904,NA,003-17-032,2017,0
2017-11-15,"Quad/Graphics, Inc.",Columbus,Franklin,116,2017-12-08,(414) 566-2418,NA,011-17-031,2017,0
2017-11-15,CGI Federal Inc.,Cleveland,Cuyahoga,64,2018-01-08,(210) 278-3410,NA,003-17-030,2017,0
2017-11-08,Zenith Education Group,Columbus,Franklin,31,2018-01-08,(651) 325-3214,NA,011-17-029,2017,0
2017-11-02,"Sodexo, Inc",Cleveland,Cuyahoga,30,2017-12-31,(216) 347-7259,NA,003-17-028,2017,0
2017-09-26,M and G Polymers USA LLC,Sharon Center,Medina,NA,2017-11-20,(304) 576-4529,NA,002-17-027,2017,0
2017-10-31,TMS International LLC,Middletown,Butler,99,2018-01-01,(513) 422-4572,"International Union of Operating Engineers, Laborer's International Union of North America,
International",012-17-026,2017,1
2017-10-27,X-spine Systems Inc.,Miamisburg,Montgomery,54,2017-12-02,(937) 847-8400,NA,007-17-025,2017,0
2017-10-26,American Signature Inc.,Columbus,Franklin,13,2017-12-02,(614) 449-6132,NA,011-17-024,2017,0
2017-10-25,FCA Transport LLC,Toledo,Lucas,83,2018-01-02,(313) 252-2564,UAW Local 12,009-17-023,2017,1
2017-10-24,HealthSpan Partners,Cleveland,Cuyahoga,12,2017-12-29,(216) 479-5391,NA,003-17-022,2017,0
2017-10-05,Spartech LLC,Greenville,Darke,57,2017-12-06,(330) 421-8778,NA,007-17-021,2017,0
2017-10-02,Faurecia Clean Mobility Toledo Customer Center,Toledo,Lucas,8,2017-12-31,(812) 764-9716,NA,009-17-020,2017,0
2017-09-28,JLG Industries Manufacturing Operations,Orrville,Wayne,157,2017-09-30,(717) 494-9028,NA,007-17-019,2017,0
2017-09-26,Livingston Care Center,Dayton,Montgomery,49,NA,(513) 561-4105,NA,007-17-018,2017,0
2017-09-19,Peoples Bank-National Mortgage Business Division,Westerville,Franklin,31,2017-10-31,(913) 239-1760,NA,011-17-017,2017,0
2017-09-06,Data Cooling Technologies LLC,Streetsboro,Portage,125,2017-09-05,(330) 954-3807,NA,019-17-016,2017,0
2017-09-05,BWAY Corporation,Hubbard,Trumbull,55,2017-11-01,(630) 203-4087,NA,018-17-015,2017,0
2017-08-25,Demag Cranes & Components Corp,Solon,Cuyahoga,91,2017-10-20,(440) 349-8234,"Teamsters Union Local
No. 293",003-17-014,2017,1
2017-08-09,dlhBOWLES,Carrollton,Carroll,94,NA,(410) 381-0400,NA,016-17-013,2017,0
2017-07-31,New York Community Bancorp Inc.,Brooklyn,Cuyahoga,14,2017-09-29,(216) 588-7116,NA,003-17-012,2017,0
2017-07-31,New York Community Bancorp Inc.,Cleveland,Cuyahoga,210,2017-09-29,(216) 588-7116,NA,003-17-011,2017,0
2017-07-28,MCM Electronics Inc,Centerville,Montgomery,93,2017-09-30,(773) 907-5960,NA,007-17-010,2017,0
NA,NA,Springboro,Warren,NA,NA,NA,NA,NA,2017,0
2017-07-27,Maggiano's Little Italy,Beachwood,Cuyahoga,123,2017-09-27,(972) 770-7256,NA,003-17-009,2017,0
2017-07-27,Kindred Hospital Central Ohio,Mansfield,Richland,111,2017-09-30,(773) 279-2680,NA,010-17-008,2017,0
2017-07-18,DHL Supply Chain,Englewood,Montgomery,85,2017-09-18,(419) 979-2725,NA,007-17-007,2017,0
2017-07-17,Kmart Store 03302,Toledo,Lucas,76,2017-09-24,(847) 286-5904,NA,009-17-006,2017,0
2017-07-17,Kmart Store 04179,Dayton,Greene,73,2017-09-24,(847) 286-5904,NA,007-17-005,2017,0
2017-07-14,"The Andersons Inc. Mower Center, Retail Group",Maumee,Lucas,28,2017-09-12,(419) 891-6665,NA,009-17-004,2017,0
2017-07-13,"Parker Hannifin Industrial Gas Filtration Generation
Division",Cincinnati,Hamilton,62,2017-09-30,(216) 896-3258,NA,013-17-003,2017,0
2017-07-11,Formed Fiber Technologies,Sidney,Shelby,27,2017-09-29,(207) 784-1145,NA,007-17-002,2017,0
2017-07-07,Cox Media Group Ohio,Franklin,Warren,128,2017-09-29,(937) 225-0502,Local 128-N,012-17-001,2017,1
2017-06-27,HealthSpan Partners,Cleveland,Cuyahoga,2,2017-08-25,(216) 372-4259,NA,003-16-105,2017,0
2017-06-13,"T and W Forge, LLC",Alliance,Stark,37,2017-09-15,(216) 310-5296,"Local 1603 of the Brotherhood of Boilermakers, Iron Ship
Builders, Blacksmiths,",006-16-104,2017,1
2017-06-09,JLG Industries,Orrville,Wayne,110,2017-08-13,(717) 494-9028,NA,007-16-103,2017,0
2017-06-09,Quaker Manufacturing Corp.,Salem,Columbiana,115,2017-06-20,(330) 332-4631,NA,017-16-102,2017,0
2017-06-01,Navistar Inc,Springfield,Clark,81,2017-08-01,(937) 390-2831,"United Auto Workers 402
and 658",007-16-101,2017,1
2017-05-26,Kelloggs,Sharonville,Hamilton,248,2017-07-29,(269) 961-6713,Teamsters Local 114,013-16-100,2017,1
2017-05-25,JCPenney,Richmond Heights,Cuyahoga,117,2017-07-31,(440) 449-3800,NA,003-16-099,2017,0
2017-05-24,TradeGlobal,West Chester,Butler,112,2017-07-24,(513) 341-2741,NA,012-16-098,2017,0
2017-05-23,Robert Bosch Battery Systems LLC,Springboro,Warren,88,2017-07-31,"(248) 876-
2381",Local IUE-CWA 755,012-16-097,2017,1
2017-05-18,Hyundai Ideal Electric Company,Mansfield,Richland,16,2017-07-12,(419) 522-3611,USW 8530,010-16-096,2017,1
2017-05-16,The PIC Group,Bellefontaine,Logan,71,2017-05-15,(586) 532-9001,NA,007-16-095,2017,0
2017-05-08,Sodexo,Cleveland,Cuyahoga,383,2017-06-30,(989) 954-5306,NA,003-16-094,2017,0
2017-05-05,McSwain,Springdale,Hamilton,34,2017-05-04,(513) 619-1211,NA,013-16-093,2017,0
NA,NA,West Chester,Hamilton,31,NA,NA,NA,NA,2017,0
2017-04-24,Citigroup,Columbus,Franklin,94,2017-05-29,(469) 220-4363,NA,011-16-092,2017,0
2017-04-21,ConForm Automotive,Sidney,Shelby,49,2017-06-30,(207) 784-1145,NA,007-16-091,2017,0
2017-04-11,General Electric (GE Lighting),Circleville,Pickaway,148,2017-05-29,NA,NA,020-16-090,2017,0
2017-04-03,Evant Inc,Stow,Summit,198,2017-05-31,(330) 920-1517,"International Chemical
Workers Union Council of UFCW, Local 1020C",002-16-089,2017,1
2017-04-03,Dollar Express,Whitehall,Franklin,9,2017-06-30,(980) 500-9145,NA,011-16-088,2017,0
2017-04-03,Dollar Express,Toledo,Lucas,17,2017-06-30,(980) 500-9145,NA,009-16-087,2017,0
2017-04-03,Dollar Express,Cincinnati,Hamilton,40,2017-06-30,(980) 500-9145,NA,013-16-086,2017,0
2017-04-03,Dollar Express,Columbus,Franklin,23,2017-06-30,(980) 500-9145,NA,011-16-085,2017,0
2017-04-03,Dollar Express,East Cleveland,Cuyahoga,11,2017-06-30,(980) 500-9145,NA,003-16-084,2017,0
2017-04-03,Dollar Express,Akron,Summit,13,2017-06-30,(980) 500-9145,NA,002-16-083,2017,0
2017-04-03,Dollar Express,Canton,Stark,12,2017-06-30,(980) 500-9145,NA,006-16-082,2017,0
2017-04-03,Dollar Express,Milford,Clermont,5,2017-06-30,(980) 500-9145,NA,012-16-081,2017,0
2017-04-03,Dollar Express,St. Bernard,Hamilton,7,2017-06-30,(980) 500-9145,NA,013-16-080,2017,0
2017-04-03,Dollar Express,Cleveland,Cuyahoga,44,2017-06-30,(980) 500-9145,NA,003-16-079,2017,0
2017-03-29,3M Company,Elyria,Lorain,136,2017-05-31,(440) 323-6161,"Workers United Union,
Local 1406T",004-16-078,2017,1
2017-03-16,Caito Food Company,Newcomerstown,Tuscarawas,62,2017-05-15,(317) 897-2009,NA,006-16-077,2017,0
2017-03-16,"Ohio Department of Developmental Disabilities
(DODD)",Huber Heights,Montgomery,103,2017-06-30,(614) 466-9950,NA,007-16-076,2017,0
NA,NA,Mineral Ridge,Trumbull,111,NA,NA,NA,NA,2017,0
2017-03-06,Southern Theatres LLC,Hilliard,Franklin,85,2017-04-08,(504) 273-7806,NA,011-16-075,2017,0
2017-03-02,Cempra Pharmaceuticals,Powell,Delaware,1,2017-03-01,(919) 525-1986,NA,007-16-074,2017,0
2017-02-27,Global Flight Source Inc,Wilmington,Clinton,2,2017-04-30,(937) 366-2283,NA,007-16-073,2017,0
2017-02-27,LGSTX Cargo Services Inc,Wilmington,Clinton,296,2017-04-30,(937) 366-2283,NA,007-16-072,2017,0
2017-02-27,LGSTX Services Inc,Wilmington,Clinton,37,2017-04-30,(937) 366-2283,NA,007-16-071,2017,0
2017-02-23,Enginetics Corporation,Eastlake,Lake,28,2017-04-23,(937) 754-3265,NA,005-16-070,2017,0
2017-02-10,Toledo North Assembly Plant,Toledo,Lucas,3207,2017-04-07,(419) 727-7275,UAW Local Union 12,009-16-069,2017,1
2017-02-08,Piston Automotive,Toledo,Lucas,52,2017-04-07,(419) 464-0260,UAW Local Union 12,009-16-068,2017,1
2017-02-08,Toledo Molding and Die,Toledo,Lucas,30,2017-04-07,(419) 470-3982,UAW Local Union 12,009-16-067,2017,1
2017-02-07,The Andersons Inc,Maumee,Lucas,326,2017-04-09,(419) 891-6665,NA,009-16-066,2017,0
NA,NA,Toledo,Lucas,265,NA,NA,NA,NA,2017,0
NA,NA,Columbus,Franklin,363,NA,NA,NA,NA,2017,0
2017-02-03,Downtown Ford Lincoln,West Tuscarawas,Stark,88,2017-01-31,(419) 727-3388,NA,006-16-065,2017,0
2017-02-03,DCB Financial Corp,Lewis Center,Delaware,58,2017-04-03,(724) 463-1790,NA,007-16-064,2017,0
2017-02-02,DHL Supply Chain,Toledo,Lucas,277,2017-04-07,(330) 456-2781,United Auto Workers &,009-16-063,2017,1
2017-02-01,Boehringer Ingelheim Pharmaceuticals,Columbus,Franklin,28,2017-07-03,(614) 527-5440,NA,011-16-062,2017,0
2017-01-31,Penske Vehicle Services,Warren,Trumbull,2,2017-04-01,(586) 268-3164,NA,018-16-061,2017,0
2017-01-30,STP Products Manufacturing Company,Painesville,Lake,58,2017-04-30,(203) 205-2924,NA,005-16-060,2017,0
2017-01-30,Narrowband Repair Center,Brecksville,Cuyahoga,51,2017-03-28,(214) 934-0087,"Communications
Workers of America,",003-16-059,2017,1
2017-01-30,Impact Fulfillment Services,Union,Montgomery,167,2017-03-31,(336) 706-6373,NA,007-16-058,2017,0
2017-01-24,Yanfeng,Northwood,Wood,185,2017-04-07,(419) 662-4916,UAW Local 12,007-16-057,2017,1
2017-01-18,Sears Auto #6520,Akron,Summit,9,2017-03-19,(706) 342-6970,NA,002-16-056,2017,0
2017-01-18,Sears #1530,Richmond Heights,Cuyahoga,92,2017-03-26,(706) 342-6970,NA,003-16-055,2017,0
2017-01-18,Sears Auto #6532,Richmond Heights,Cuyahoga,6,2017-03-26,(706) 342-6970,NA,003-16-054,2017,0
2017-01-18,Sears #1520,Akron,Summit,71,2017-03-19,(706) 342-6970,NA,002-16-053,2017,0
2017-01-17,The Andersons Inc. Retail Distribution Center,Maumee,Lucas,42,2017-03-18,(419) 891-6665,NA,009-16-052,2017,0
2017-01-09,"Xerox Corporation(Groveport Central Product
Distribution Center)",Groveport,Franklin,55,2017-03-09,(513) 539-4815,"Workers United, Local
2675",011-16-051,2017,1
2018-12-27,Lordstown Seating Systems (MAGNA),Warren,Trumbull,120,2019-02-25,(330) 824-3101,UAW 1112,018-18-023,2018,1
2018-12-17,GM Lordstown Complex,Warren,Trumbull,1607,2019-03-11,(330) 824-5810,"U.A.W. International and
Local Union 1112",018-18-022,2018,1
2018-12-12,Radial South L.P.,Groveport,Franklin,194,2019-02-04,(859) 360-8019,NA,011-18-021,2018,0
2018-12-10,Bridgeview Bank Mortgage Company,Seven Hills,Cuyahoga,97,2018-11-11,(773) 989-5707,NA,003-18-020,2018,0
2018-11-09,G6 Hospitality LLC (Motel 6 Contact Center),Columbus,Franklin,150,2019-01-07,(972) 360-5749,NA,011-18-019,2018,0
2018-11-05,Citizens Bank,Cincinnati,Hamilton,55,2019-01-04,(401) 260-2481,NA,013-18-018,2018,0
2018-11-02,Mid-Town Health,Cincinnati,Hamilton,269,2019-01-08,(513) 624-4695,NA,013-18-017,2018,0
NA,NA,Fairfield,Butler,80,2019-01-08,NA,NA,NA,2018,0
2018-10-31,Nationwide Mutual Insurance Company,Canton,Stark,177,2018-12-30,(614) 249-2763,NA,006-18-016,2018,0
2018-10-29,Siemens,Mount Vernon,Knox,57,2018-12-28,(740) 398-794,International Association of Machinist and Aerospace Workers Local Lodge 90,007-18-015,2018,1
2018-10-18,Kmart Store 04257,Middleburg Heights,Cuyahoga,63,2018-12-31,(847) 286-1427,NA,003-18-014,2018,0
2018-10-10,The Cottages of Clayton,Dayton,Montgomery,0,NA,(270) 313-1376,NA,007-18-013,2018,0
2018-10-09,Verizon Wireless,Hilliard,Franklin,95,2018-11-17,(614) 634-1959,NA,011-18-012,2018,0
2018-10-02,MPP,Solon,Cuyahoga,55,2018-12-01,(317) 669-1928,NA,003-18-011,2018,0
2018-09-18,"Allpro Parking Ohio, LLC",Columbus,Franklin,55,2018-11-15,(877) 776-7275,NA,011-18-010,2018,0
2018-09-17,"PTC Group Holdings Corp. (Alliance Tubular Products, LLC)",Alliance,Stark,0,NA,(412) 299-2634,"United Steel, Paper and Forestry, Rubber, Manufacturing, Energy, Allied, Industrial and Service Workers International Union, Local 3059-01.",006-18-009,2018,1
2018-11-01,NA,NA,NA,NA,NA,NA,NA,NA,2018,0
2018-08-27,"The Children's Group, LLC",Dayton,Montgomery,27,2018-12-21,(540) 948-7270,NA,007-18-008,2018,0
2018-08-15,Northside Regional Medical Center,Youngstown,Mahoning,468,2018-10-14,(772) 388-4121,"Ohio Nurses Association (""ONA"") and SEIU District 1199, WV/KY/OH (""District
1199"")",017-18-007,2018,1
2018-08-17,NA,NA,NA,NA,NA,NA,NA,NA,2018,0
2018-08-14,Meggitt Aircraft Braking Systems Corporation,Akron,Summit,6,2018-10-12,(330) 796-3582,"International Union, United Automobile, Aerospace & Agricultural Implement Workers of America, U.A.W and its Amalgamated Local Union No. 856",002-18-006,2018,1
2018-08-01,Orbis Corporation,Perrysburg,Wood,105,2018-12-14,(262) 560-5320,"International Union, United Automobile, Aerospace and Agricultural Implement Workers of America, UAW Local No. 12",007-18-005,2018,1
2018-10-16,NA,NA,NA,NA,NA,NA,NA,NA,2018,0
2018-08-01,"HSN Improvements, LLC/HSN Catalog Services, Inc.",Maple Heights,Cuyahoga,53,2018-10-02,(216) 865-3203,NA,003-18-004,2018,0
2018-07-27,TTI Floor Care North America,Glenwillow,Cuyahoga,75,2018-09-25,(704) 401-9845,NA,003-18-003,2018,0
2018-07-26,Siemens,Mount Vernon,Knox,134,2018-09-28,(740) 398-7934,International Association of Machinist and Aerospace Workers Local Lodge 90,007-18-002,2018,1
2018-07-03,PNC Bank Customer Care Center,Columbus,Franklin,96,2018-09-14,(412) 762-4559,NA,011-18-001,2018,0
2018-06-26,Anchor Glass Container,Zanesville,Muskingum,70,2018-08-31,(813) 882-7888,"United Steel, Paper and Forestry, Rubber, Manufacturing, Energy, Allied Industrial and Service Workers International Union, AFL-
CIO, CLC (""USW"")",007-17-082,2018,1
2018-06-19,DHL Supply Chain,Groveport,Franklin,260,2018-07-14,(614) 622-7222,NA,011-17-081,2018,0
2018-06-11,Toys R Us / Babies R Us,NA,NA,1178,2018-06-30,(973) 617-5293,NA,011-17-080,2018,0
2018-06-06,Teradata Corporation,Miamisburg,Montgomery,267,2018-12-31,(858) 485-2573,NA,007-17-079,2018,0
2018-06-05,"JTEKT North America Corporation / Koyo Bearings North
America, LLC",Westlake,Cuyahoga,47,2018-07-27,(864) 770-2268,NA,003-17-078,2018,0
2018-06-05,GC Services LP,Columbus,Franklin,123,2018-08-02,(865) 686-7426,NA,011-17-077,2018,0
2018-05-30,"OPW Fueling Components, LLC",Hamilton,Butler,22,2018-07-23,(513) 870-3199,NA,012-17-076,2018,0
2018-05-18,"Texas Migrant Council (Teaching & Mentoring
Communities)",Millbury,Wood,8,2018-05-17,(419) 680-6801,NA,007-17-075,2018,0
2018-05-17,"Essity Operations Wausau, LLC",Middletown,Butler,60,2018-07-16,(513) 217-3622,USW Local 1-112,012-17-074,2018,1
2018-05-18,NA,NA,NA,NA,NA,NA,NA,NA,2018,0
2018-05-10,US Bank,Bedford,Cuyahoga,260,2018-07-09,(708) 583-2608,NA,003-17-073,2018,0
2018-04-30,"Philips Medical Systems, Inc.",Cleveland,Cuyahoga,95,2018-06-29,(440) 483-2124,NA,003-17-072,2018,0
NA,NA,NA,NA,NA,NA,NA,NA,NA,2018,0
2018-04-24,"Aramark Campus Services, LLC - Capital University",Bexley,Franklin,75,2018-05-06,(215) 200-8681,NA,011-17-071,2018,0
2018-04-24,Comprehensive Logistics Inc,Austintown,Mahoning,NA,2018-06-15,(330) 793-8097,NA,017-17-070,2018,0
2018-04-18,General Motors LLC,Warren,Trumbull,1500,2018-06-18,(330) 824-5810,UAW 1112,018-17-069,2018,1
2018-04-17,Lordstown Seating Systems,Warren,Trumbull,83,2018-06-18,(330) 824-3101,UAW 1112,018-17-068,2018,1
2018-04-10,"EBTH, Inc.",Blue Ash,Hamilton,203,2018-06-10,(513) 802-9287,NA,013-17-067,2018,0
2018-04-10,Express Scripts,Columbus,Franklin,456,2018-06-10,(303) 748-2400,NA,011-17-066,2018,0
2018-04-06,Elder-Beerman & Bon-Ton Fulfillment Center (The Bon- Ton Stores Inc),Dayton,Montgomery,122,2018-06-05,(414) 212-6741,NA,007-17-065,2018,0
2018-04-06,Elder-Beerman & Bon-Ton Fulfillment Center (The Bon- Ton Stores Inc),West Jefferson,Madison,330,2018-06-05,(414) 212-6741,NA,007-17-065,2018,0
2018-03-21,"AES Ohio Generation, LLC (Dayton Power & Light)",Aberdeen,Brown,281,2018-06-01,(317) 261-8423,Utility Workers Union of America Local 175,001-17-064,2018,1
2018-03-21,"AES Ohio Generation, LLC (Dayton Power & Light)",Manchester,Adams,89,2018-06-01,(317) 261-8423,Utility Workers Union of America Local 175,001-17-064,2018,1
2018-03-14,"CompuCom Systems, Inc.",Fairfield,Butler,61,2018-05-15,(972) 856-8627,NA,012-17-063,2018,0
2018-02-28,Bobby Layman Chevrolet,Columbus,Franklin,103,NA,(614) 272-3181,NA,011-17-062,2018,0
2018-02-26,"Philips Medical Systems, Inc.",Cleveland,Cuyahoga,65,2018-04-20,(440) 483-2124,NA,003-17-061,2018,0
2018-02-23,The Cold Heading Co.,Cleveland,Cuyahoga,52,2018-06-30,(586) 497-7541,NA,003-17-060,2018,0
2018-02-20,Cardinal Health,Zanesville,Muskingum,101,2018-04-20,(614) 553-4987,NA,007-17-059,2018,0
2018-02-14,"Personal Touch Home Care of Ohio, Inc.",Independence,Cuyahoga,70,2018-04-20,(718) 468-4747,NA,012-17-058,2018,0
2018-02-14,"Personal Touch Home Care of Ohio, Inc.",Wooster,Wayne,21,2018-04-20,(718) 468-4747,NA,012-17-058,2018,0
2018-02-14,"Personal Touch Home Care of Ohio, Inc.",Fairfield,Butler,129,2018-04-20,(718) 468-4747,NA,012-17-058,2018,0
2018-02-14,"Personal Touch Home Care of Ohio, Inc.",Eaton,Preble,37,2018-04-20,(718) 468-4747,NA,012-17-058,2018,0
2018-02-12,FCA US LLC,Toledo,Lucas,852,2018-04-13,(419) 727-7279,UAW Local 12,009-17-057,2018,1
2018-02-12,KUKA Toledo Production Operations,Toledo,Lucas,346,2018-04-13,(419) 727-5519,UAW Local 12,009-17-056,2018,1
2018-02-12,Dayton Power & Light,Dayton,Montgomery,56,2018-04-08,(317) 261-8423,NA,007-17-055,2018,0
2018-02-02,Elder-Beerman (The Bon Ton Stores),Defiance,Defiance,41,NA,(864) 586-4105,NA,007-17-054,2018,0
2018-02-02,"Ritrama, Inc.",Cleveland,Cuyahoga,48,2018-04-02,(815) 654-6840,NA,003-17-053,2018,0
2018-02-02,Meggitt Aircraft Braking Systems Corporation,Akron,Summit,5,2018-03-30,(330) 796-3582,"International Union, United Automobile, Aerospace & Agricultural Implement Workers of America, U.A.W. and Amalgamated Local Union No. 856",002-17-052,2018,1
2018-02-01,Compass Group USA,West Chester,Butler,14,2018-04-01,(513) 518-2947,NA,012-17-051,2018,0
2018-01-30,"Toledo Molding & Die, Inc.",Toledo,Lucas,120,2018-04-02,(419) 720-3520,UAW Local 12,009-17-050,2018,1
2018-01-30,Rambus Inc.,Brecksville,Cuyahoga,52,2018-02-05,(408) 462-8000,NA,003-17-049,2018,0
2018-01-25,Mobis North America LLC,Toledo,Lucas,572,2018-04-07,(419) 409-3853,UAW Local 12,009-17-048,2018,1
2018-01-19,Kmart Store 03555,Cambridge,Guernsey,88,2018-04-08,(630) 364-9036,NA,007-17-047,2018,0
2018-01-17,Dover Business Services,Hamilton,Butler,48,2018-04-20,(630) 743-5095,NA,012-17-046,2018,0
2018-01-17,DHL Supply Chain,Lima,Allen,229,2018-03-12,(419) 979-2725,NA,007-17-045,2018,0
2018-01-11,Sam's Club 8131,Cincinnati,Hamilton,143,2018-03-16,(937) 356-6148,NA,013-17-044,2018,0
2018-01-11,Sam's Club 6544,Loveland,Clermont,142,2018-03-16,(937) 356-6148,NA,012-17-043,2018,0
2018-01-10,Macy's,Cincinnati,Hamilton,104,2018-03-18,(646) 787-4816,NA,013-17-042,2018,0
2018-01-10,Kmart Store 04939,Warren,Trumbull,133,2018-04-08,(630) 364-9036,NA,018-17-041,2018,0
2018-01-05,Doctor's Hospital Physician Services,Massillon,Stark,116,2018-03-07,(330) 837-6860,NA,006-17-040,2018,0
2018-01-05,Affinity Medical Center,Massillon,Stark,692,2018-03-06,(330) 837-6860,"National Nurses Organizing
Committee",006-17-039,2018,1
2018-01-04,"Fremont Plastic Products, Inc.",Fremont,Sandusky,185,2018-03-05,(630) 325-1210,"United Steelworkers Local Union No. 1915-13, AFL-CIO,
CLC",007-17-038,2018,1
2019-12-18,"Energizer Brands, LLC (Global Auto Care Operations)",Vandalia,Montgomery,59,2020-02-17,(937) 742-4437,NA,007-19-099,2019,0
2019-11-21,"A. Schulman, Inc. (LyondellBasell Finance Co.)",Fairlawn,Summit,43,2020-01-31,(330) 668-7298,NA,002-19-098,2019,0
2019-11-13,Millennium Hotel Cincinnati,Cincinnati,Hamilton,97,2020-01-06,(513) 352-2117,"Chicago & Midwest Regional Joint Board, Workers
United/SEIU",013-19-097,2019,1
2019-11-04,Cincinnati Christian University,Cincinnati,Hamilton,53,2019-11-01,(513) 244-8492,NA,013-19-096,2019,0
2019-11-01,EG America,Cincinnati,Hamilton,200,2019-12-31,(719) 369-8000,NA,013-19-095,2019,0
2019-11-01,Frutarom,Cincinnati,Hamilton,86,2019-12-31,(347) 504-4782,NA,013-19-094,2019,0
2019-10-29,"MV Transportation, Inc.",Cincinnati,Hamilton,97,2019-12-31,(469) 909-8014,"Amalgamated Transit Union
Local 627",013-19-093,2019,1
2019-10-24,IMI Precision Engineering,Brookville,Montgomery,109,2020-01-17,(303) 797-5119,NA,007-19-092,2019,0
2019-10-23,Transform SR LLC - 06180,Canton,Stark,8,2020-01-12,(440) 983-3858,NA,006-19-091,2019,0
2019-10-23,Transform SR LLC - 01410,Canton,Stark,70,2020-01-12,(440) 983-3858,NA,006-19-090,2019,0
2019-10-16,Kitchen Collection LLC,Chillicothe,Ross,69,2019-12-01,(740) 773-9150,NA,020-19-089,2019,0
2019-10-04,"Fresenius Management Services, Inc.",North Olmsted,Cuyahoga,57,2019-12-06,(781) 690-4678,NA,003-19-088,2019,0
2019-10-02,"Inpax Final Mile Delivery, Inc.",West Chester,Butler,64,2019-10-02,(404) 924-7090,NA,012-19-087,2019,0
2019-10-02,"Inpax Final Mile Delivery, Inc.",Euclid,Cuyahoga,64,2019-10-02,(404) 924-7090,NA,003-19-086,2019,0
2019-09-24,Thompson Hospitality Services,West Chester,Butler,10,2019-11-09,(703) 757-5530,SEIU Local 1,012-19-085,2019,1
2019-09-25,Guardian Fabrication LLC,Millbury,Wood,100,2019-11-20,(419) 855-7706,NA,007-19-084,2019,0
2019-09-23,Deluxe Entertainment Services Group Inc.,Wilmington,Clinton,10,2019-12-01,(818) 526-3863,NA,007-19-083,2019,0
2019-09-16,Tomlinson Industries,Garfield Heights,Cleveland,60,2019-11-10,(216) 332-1543,"International Brotherhood of Boilermakers, Local M03",003-19-082,2019,1
2019-09-10,Coney Island Inc.,Cincinnati,Hamilton,13,2019-11-08,(513) 232-8230,NA,013-19-081,2019,0
2019-09-09,Compass Group USA DBA Eurest Services @ Procter & Gamble,Mason,Warren,12,2019-11-09,(513) 968-8049,NA,012-19-080,2019,0
2019-09-09,Compass Group USA DBA Eurest Services @ Procter & Gamble,West Chester,Butler,8,2019-11-09,(513) 968-8049,NA,012-19-079,2019,0
2019-09-09,Compass Group USA DBA Eurest Services @ Procter & Gamble,Cincinnati,Hamilton,17,2019-11-09,(513) 968-8049,NA,013-19-078,2019,0
2019-09-09,Compass Group USA DBA Eurest Services @ Procter & Gamble,Cincinnati,Hamilton,31,2019-11-09,(513) 968-8049,NA,013-19-077,2019,0
2019-09-09,Compass Group USA DBA Eurest Services @ Procter & Gamble,Cincinnati,Hamilton,9,2019-11-09,(513) 968-8049,NA,013-19-076,2019,0
2019-09-09,Compass Group USA DBA Eurest Services @ Procter & Gamble,Cincinnati,Hamilton,2,2019-11-09,(513) 968-8049,NA,013-19-075,2019,0
2019-09-09,Thompson Hospitality Services,Cincinnati,Hamilton,122,2019-11-09,(703) 757-5530,SEIU Local 1,013-19-074,2019,1
2019-09-03,"Altercare at Saint Joseph, Inc.",Warrensville Heights,Cuyahoga,139,2019-10-28,(330) 498-8201,NA,003-19-073,2019,0
2019-08-29,CCU Coal and Construction LLC,Various Cities,Various Counties,205,2019-10-31,(740) 722-9333,NA,014-19-072,2019,0
2019-08-28,NextGen Healthcare Inc.,North Canton,Stark,82,2019-11-01,(949) 237-5716,NA,006-19-071,2019,0
2019-08-19,Vertiv Corporation,Columbus,Franklin,130,2019-10-14,(740) 833-8598,NA,011-19-070,2019,0
2019-08-13,PSEB LLC,Groveport,Franklin,111,2019-10-11,(614) 497-1469,NA,011-19-069,2019,0
2019-08-13,Aloterra Packaging LLC,Ashtabula,Ashtabula,39,2019-10-06,(269) 385-5050,NA,019-19-068,2019,0
2019-08-12,East Ohio Valley Regional Hospital,Martin's Ferry,Belmont,343,2019-10-07,(304) 234-0123,NA,016-19-067,2019,0
2019-08-07,Security National Automotive Acceptance Company LLC,Mason,Warren,150,2019-08-07,(513) 459-8118,NA,012-19-066,2019,0
2019-08-06,Addition Manufacturing Technologies LLC,Lebanon,Warren,119,2019-08-30,(513) 228-7000,NA,012-19-065,2019,0
2019-08-01,"Fisher Auto Parts, Inc.",Cincinnati,Hamilton,137,2019-10-01,(540) 885-8901,NA,013-19-064,2019,0
2019-07-24,"EBTH, Inc. - Distribution Center",Blue Ash,Hamilton,160,2019-08-14,NA,NA,013-19-063,2019,0
2019-07-24,"EBTH, Inc. - Wilmer Warehouse",Cincinnati,Hamilton,70,2019-08-14,NA,NA,013-19-062,2019,0
2019-07-16,Arrow Electronics Inc.,Gahanna,Franklin,304,2019-09-14,(303) 824-3788,NA,011-19-061,2019,0
2019-07-16,Cleveland Hardware & Forging Company,Cleveland,Cuyahoga,25,2019-09-16,(248) 882-1606,"United Steelworkers Local 1-
243-13",003-19-060,2019,1
2019-07-12,"Taylor Communications, Inc.",Columbus,Franklin,63,2019-09-03,(678) 380-9095,NA,011-19-059,2019,0
2019-07-11,Stanley Black & Decker,Georgetown,Brown,81,2020-04-30,(937) 378-4048,NA,012-19-058,2019,0
2019-07-10,"Lake Ventures, LLC (Fresh Thyme Farmers Market)",Sugarcreek Township,Montgomery,51,2019-07-16,NA,NA,007-19-057,2019,0
2019-07-01,Pearson,Columbus,Franklin,5,2019-06-10,(415) 269-6602,NA,011-19-056,2019,0
2019-07-01,The Vindicator,Youngstown,Mahoning,144,2019-08-31,(330) 747-1471,"Graphic Communications Conference/International Brotherhood of Teamsters
Teamsters, Local 473",017-19-055,2019,1
2019-06-11,"Fairlawn Healthcare, LLC",Fairlawn,Summit,65,2019-06-14,(614) 401-7294,"United Food & Commercial Workers Union, Local 880",002-19-054,2019,1
2019-06-10,Parallel,Dayton,Montgomery,184,2019-06-30,(937) 424-1420,"Ohio Education Association
(OEA)",007-19-053,2019,1
2019-06-06,BTAS,Beavercreek,Greene,12,2019-07-17,(937) 431-9431,NA,007-19-052,2019,0
2019-06-03,Pearson,Columbus,Franklin,29,2019-06-03,(415) 269-6602,NA,011-19-051,2019,0
2019-08-01,"Schenker, Inc.",West Jefferson,Madison,209,2019-09-30,(847) 687-6154,NA,007-19-050,2019,0
2019-05-22,Uptown Westerville Healthcare,Westerville,Franklin,50,2019-06-20,(614) 882-1511,NA,011-19-049,2019,0
2019-05-17,KEPRO,Seven Hills,Cuyahoga,138,2019-05-11,(717) 564-8288,NA,003-19-048,2019,0
2019-05-17,Pearson,Columbus,Franklin,8,2019-05-15,(415) 269-6602,NA,011-19-047,2019,0
2019-05-16,"Deluxe Entertainment Services Group, Inc.",Wilmington,Clinton,59,2019-11-01,(818) 526-3863,NA,007-19-046,2019,0
2019-05-07,Falcon Transport Co.,Lorain,Lorain,61,2019-04-27,(330) 793-1345,NA,004-19-045,2019,0
2019-05-07,Falcon Transport Co.,Youngstown,Mahoning,52,2019-04-27,(330) 793-1345,NA,017-19-044,2019,0
2019-05-07,Falcon Transport Co.,Youngstown,Mahoning,49,2019-04-27,(330) 793-1345,NA,017-19-043,2019,0
2019-05-02,Bon Appetit Management Co.,Westerville,Franklin,85,2019-07-01,(843)509-9436,NA,011-19-042,2019,0
2019-05-01,"Alliance Data Systems, Inc.",Akron,Summit,150,2019-06-25,(614) 729-4015,NA,002-19-041,2019,0
2019-04-30,Ellett Brothers LLC,Bellefontaine,Logan,68,2019-06-30,(803) 345-3751,NA,007-19-040,2019,0
2019-04-29,"Joyson Safety Systems Acquisitions, LLC",Piqua,Miami,14,2019-06-28,NA,NA,007-19-039,2019,0
2019-04-25,JCPenney,Elyria,Lorain,69,2019-07-06,(440) 324-5736,NA,004-19-038,2019,0
2019-04-19,SP Plus,Columbus,Franklin,164,2019-05-31,(614) 610-4063,NA,011-19-037,2019,0
2019-04-12,Laird,Cleveland,Cuyahoga,2,2019-06-14,(760) 703-4551,NA,003-19-036,2019,0
2019-04-09,Leadec Corporation,Warren,Trumbull,40,2019-05-03,(513) 731-3590,"United Automotive Workers, Local 1112",018-19-035,2019,1
2019-03-26,General Motors LLC,Warren,Trumbull,26,2019-05-31,(330) 824-5810,"U.A.W. International and Local
Union 1112",018-19-034,2019,1
2018-12-17,GM Lordstown Complex,Warren,Trumbull,1607,2019-03-06,(330) 824-5810,U.A.W. International and Local Union 1112,018-18-022,2019,1
2019-04-29,"Payless ShoeSource, Inc.",Brookville,Montgomery,217,2019-05-01,(469) 530-4435,NA,007-19-033,2019,0
2019-03-25,Ferro Corporation,Cleveland,Cuyahoga,71,2019-05-22,(216) 875-6113,Steelworkers Local 1170,003-19-032,2019,1
2019-03-18,Schwebel Baking Company,Solon,Cuyahoga,204,2019-05-16,(330) 783-2860,"Teamsters Local 507
Teamsters Local 52 Bakers Union Local 19",003-19-031,2019,1
2019-03-14,Fifth Third Bank,Wilmington,Clinton,30,2019-05-13,(513) 534-7637,NA,007-19-030,2019,0
2019-03-22,Ryder Integrated Logistics,Lockbourne,Franklin,249,2019-05-10,(614) 409-5027,NA,011-19-029,2019,0
2019-03-08,Crothall Healthcare,Lima,Allen,58,2019-04-30,(513) 518-9917,NA,007-19-028,2019,0
2019-03-05,American Electric Power (AEP),Conesville,Coshocton,50,2019-05-31,(740) 829-4032,IBEW Local 1466,007-19-027,2019,1
2019-03-04,Ryder Integrated Logistics,Groveport,Franklin,20,2019-05-04,(317) 837-5305,NA,011-19-026,2019,0
2019-03-04,Ryder Integrated Logistics,Lockbourne,Franklin,76,2019-05-04,(317) 837-5305,NA,011-19-025,2019,0
2019-03-04,"General Motors, LLC",West Chester,Butler,101,2019-05-31,(810) 640-3312,U.A.W. International Union and the U.A.W. Local Union 696,012-19-024,2019,1
2019-02-26,New England Motor Freight (NEMF),Cincinnati,Hamilton,58,2019-02-15,(732) 940-7216,"Local 447 of District 15 of the International Association of Machinists and Aerospace Workers, AFL-CIO",002-19-023,2019,1
2019-02-26,New England Motor Freight (NEMF),Columbus,Franklin,94,2019-02-15,(732) 940-7216,"Local 447 of District 15 of the International Association of Machinists and Aerospace Workers, AFL-CIO",002-19-023,2019,1
2019-02-26,New England Motor Freight (NEMF),Richfield,Summit,97,2019-02-15,(732) 940-7216,"Local 447 of District 15 of the International Association of Machinists and Aerospace Workers, AFL-CIO",002-19-023,2019,1
2019-02-26,New England Motor Freight (NEMF),Toledo,Lucas,35,2019-02-15,(732) 940-7216,"Local 447 of District 15 of the International Association of Machinists and Aerospace Workers, AFL-CIO",002-19-023,2019,1
2019-02-25,"Consolidated Glass and Mirror, LLC",Millbury,Wood,NA,2019-04-22,(248) 340-2067,NA,007-19-022,2019,0
2019-02-22,The Genie Company,Baltic,Tuscarawas,58,2019-04-26,(330) 763-8072,NA,006-19-021,2019,0
2019-02-20,Spectrum Pharmaceuticals,NA,NA,NA,2019-04-12,(702) 835-6310,NA,003-19-020,2019,0
2019-02-19,"Duralee (The Robert Allen Duralee Group, Inc.)",Valley View,Cuyahoga,3,2019-04-22,(508) 851-6600,NA,003-19-019,2019,0
2019-03-04,Leadec Corporation,Warren,Trumbull,39,2019-04-01,(513) 731-3590,"United Automotive Workers, Local 1112",018-19-018,2019,1
2019-02-19,Columbus Bakery,Columbus,Franklin,405,2019-02-11,(614) 462-2080,"International Association of Machinists and Aerospace Workers, The Bakery, Confectionery, Tobacco Workers and Grain Millers",011-19-017,2019,1
2019-02-13,Dillard's,Boardman,Mahoning,123,2019-04-17,(501) 376-5261,NA,017-19-016,2019,0
2019-02-13,Park East Center,Beachwood,Cuyahoga,95,2019-02-14,(216) 861-4303,"Service Employees International Union District 1199 WV/KY/OH, The Health Care and Social Service Union,
CTW, CLC",003-19-015,2019,1
2019-02-08,Lamrite West (Pat Catan's),Strongsville,Cuyahoga,56,2019-01-29,(972)409-5880,NA,003-19-014,2019,0
2019-02-05,"General Motors, LLC.",Warren,Trumbull,11,2019-02-04,(313) 665-4512,NA,018-19-013,2019,0
2019-01-30,"ParkOhio Products, Inc.",Cleveland,Cuyahoga,NA,2019-03-31,(216) 334-1127,NA,003-19-012,2019,0
2019-01-28,Teleperformance,Fairborn,Greene,334,2019-03-31,(801) 257-5811,NA,007-19-011,2019,0
2019-01-25,"Things Remembered, Inc.",Highland Heights,Cuyahoga,126,2019-03-04,(440) 473-2000,NA,003-19-010,2019,0
2019-01-18,Holiday Inn French Quarter,Perrysburg,Wood,170,2019-03-31,(567) 331-8448,NA,007-19-009,2019,0
2019-01-14,"Thirty One Gifts, LLC",Columbus,Franklin,620,2019-03-22,(614) 414-4300,NA,011-19-008,2019,0
2019-01-14,Vista Window Company,Lordstown,Trumbull,110,2019-01-14,(216) 832-6977,NA,018-19-007,2019,0
2019-01-10,"Keystone Tailored Manufacturing, LLC",Brooklyn,Cuyahoga,140,2019-03-11,(646) 647-2790,"Workers United Union and IAM
Union",003-19-006,2019,1
2019-01-10,"Robert Bosch Battery Systems, LLC",Springboro,Warren,68,2019-07-01,(937) 743-4567,"IUE-CWA-AFL-CIO-CLC, Local
755 Dayton, OH, Industrial Division of the Communication Workers of America and Robert Bosch Battery Systems LLC",012-19-005,2019,1
2019-01-07,"Ryder Integrated Logistics, Inc.",Streetsboro,Portage,75,2019-03-08,(317) 590-0852,NA,019-19-004,2019,0
2019-01-03,New Story of Ohio,Columbus,Franklin,53,2019-03-03,(570) 609-0626,NA,011-19-003,2019,0
2019-01-03,ICONEX,West Chester Township,Butler,67,2019-03-03,(937) 750-3916,NA,012-19-002,2019,0
2019-01-02,"Comprehensive Logistics, Inc.(Source Providers)",Austintown,Mahoning,NA,2019-03-18,(330) 793-8097,United Steelworkers of America,017-19-001,2019,1
